2037;Anthony;Hart;anthony.hart@gmail.com
2038;Blake;Arnold;blake.arnold@gmail.com
2039;Nathan;Henderson;nathan.henderson@gmail.com
2040;Matt;Powell;matt.powell@gmail.com
2041;Gavin;Walker;gavin.walker@gmail.com
2042;Olivia;Wright;olivia.wright@gmail.com
2043;Abigail;Vance;abigail.vance@gmail.com
2044;Anna;Carr;anna.carr@gmail.com
2045;Rose;Taylor;rose.taylor@gmail.com
2046;Jonathan;Arnold;jonathan.arnold@gmail.com
2047;Kylie;Hunter;kylie.hunter@gmail.com
2048;Cameron;Hill;cameron.hill@gmail.com
2049;Cameron;Lee;cameron.lee@gmail.com
2050;Grace;Ogden;grace.ogden@gmail.com
2051;Phil;Abraham;phil.abraham@gmail.com
2052;Nicholas;Powell;nicholas.powell@gmail.com
2053;Isaac;Greene;isaac.greene@gmail.com
2054;Jason;Nolan;jason.nolan@gmail.com
2055;Fiona;Mills;fiona.mills@gmail.com
2056;Jasmine;Ogden;jasmine.ogden@gmail.com
2057;Frank;Paige;frank.paige@gmail.com
2058;Christopher;Nolan;christopher.nolan@gmail.com
2059;Julian;Chapman;julian.chapman@gmail.com
2060;Diana;Skinner;diana.skinner@gmail.com
2061;Maria;Edmunds;maria.edmunds@gmail.com
2062;Sam;Berry;sam.berry@gmail.com
2063;Piers;McGrath;piers.mcgrath@gmail.com
2064;Matt;Pullman;matt.pullman@gmail.com
2065;Amelia;White;amelia.white@gmail.com
2066;Alison;Coleman;alison.coleman@gmail.com
2067;Lily;Reid;lily.reid@gmail.com
2068;Paul;Grant;paul.grant@gmail.com
2069;Vanessa;Hardacre;vanessa.hardacre@gmail.com
2070;Richard;Kerr;richard.kerr@gmail.com
2071;Megan;Terry;megan.terry@gmail.com
2072;Brian;White;brian.white@gmail.com
2073;Stewart;Ogden;stewart.ogden@gmail.com
2074;Penelope;Cameron;penelope.cameron@gmail.com
2075;Cameron;Walsh;cameron.walsh@gmail.com
2076;Elizabeth;Vance;elizabeth.vance@gmail.com
2077;Zoe;Smith;zoe.smith@gmail.com
2078;Gordon;Edmunds;gordon.edmunds@gmail.com
2079;Jane;McDonald;jane.mcdonald@gmail.com
2080;Adam;Mackenzie;adam.mackenzie@gmail.com
2081;Madeleine;Harris;madeleine.harris@gmail.com
2082;Ryan;Mackay;ryan.mackay@gmail.com
2083;Robert;Abraham;robert.abraham@gmail.com
2084;Emma;Baker;emma.baker@gmail.com
2085;Emma;Chapman;emma.chapman@gmail.com
2086;Sam;Smith;sam.smith@gmail.com
2087;Olivia;Martin;olivia.martin@gmail.com
2088;Joe;Rees;joe.rees@gmail.com
2089;Felicity;Knox;felicity.knox@gmail.com
2090;Sam;Walsh;sam.walsh@gmail.com
2091;Amelia;Walker;amelia.walker@gmail.com
2092;Dylan;Avery;dylan.avery@gmail.com
2093;Nathan;Campbell;nathan.campbell@gmail.com
2094;Heather;Blake;heather.blake@gmail.com
2095;Rachel;Forsyth;rachel.forsyth@gmail.com
2096;Keith;Tucker;keith.tucker@gmail.com
2097;Elizabeth;Roberts;elizabeth.roberts@gmail.com
2098;Stewart;Forsyth;stewart.forsyth@gmail.com
2099;Penelope;Wallace;penelope.wallace@gmail.com
2100;Andrea;Rees;andrea.rees@gmail.com
2101;Leah;Russell;leah.russell@gmail.com
2102;Karen;Metcalfe;karen.metcalfe@gmail.com
2103;Thomas;Blake;thomas.blake@gmail.com
2104;Jacob;Howard;jacob.howard@gmail.com
2105;Bernadette;Thomson;bernadette.thomson@gmail.com
2106;David;Smith;david.smith@gmail.com
2107;Mary;Walsh;mary.walsh@gmail.com
2108;Karen;Bower;karen.bower@gmail.com
2109;Sally;Peters;sally.peters@gmail.com
2110;Karen;Johnston;karen.johnston@gmail.com
2111;Grace;Vaughan;grace.vaughan@gmail.com
2112;Penelope;Campbell;penelope.campbell@gmail.com
2113;Emily;Wright;emily.wright@gmail.com
2114;Andrea;Sharp;andrea.sharp@gmail.com
2115;Jennifer;MacLeod;jennifer.macleod@gmail.com
2116;Katherine;Hemmings;katherine.hemmings@gmail.com
2117;Kylie;Jones;kylie.jones@gmail.com
2118;Eric;Davies;eric.davies@gmail.com
2119;Hannah;Hunter;hannah.hunter@gmail.com
2120;Andrew;Walker;andrew.walker@gmail.com
2121;Ryan;Young;ryan.young@gmail.com
2122;Blake;Mathis;blake.mathis@gmail.com
2123;Diane;Johnston;diane.johnston@gmail.com
2124;Jessica;Alsop;jessica.alsop@gmail.com
2125;Emma;Payne;emma.payne@gmail.com
2126;Olivia;Robertson;olivia.robertson@gmail.com
2127;Mary;Newman;mary.newman@gmail.com
2128;Thomas;Hart;thomas.hart@gmail.com
2129;Rebecca;Abraham;rebecca.abraham@gmail.com
2130;Anne;Dowd;anne.dowd@gmail.com
2131;Jack;Nolan;jack.nolan@gmail.com
2132;Sam;Vance;sam.vance@gmail.com
2133;Virginia;James;virginia.james@gmail.com
2134;Donna;Short;donna.short@gmail.com
2135;Matt;Hamilton;matt.hamilton@gmail.com
2136;David;Terry;david.terry@gmail.com
2137;Brandon;Davies;brandon.davies@gmail.com
2138;Phil;Quinn;phil.quinn@gmail.com
2139;Theresa;Peake;theresa.peake@gmail.com
2140;Julian;Morgan;julian.morgan@gmail.com
2141;Amy;Manning;amy.manning@gmail.com
2142;Leah;Watson;leah.watson@gmail.com
2143;Melanie;Cornish;melanie.cornish@gmail.com
2144;Elizabeth;Allan;elizabeth.allan@gmail.com
2145;Alison;Payne;alison.payne@gmail.com
2146;Alexander;Hardacre;alexander.hardacre@gmail.com
2147;Bernadette;Wallace;bernadette.wallace@gmail.com
2148;Karen;Ellison;karen.ellison@gmail.com
2149;Carolyn;Peters;carolyn.peters@gmail.com
2150;Diane;Sanderson;diane.sanderson@gmail.com
2151;Diana;McLean;diana.mclean@gmail.com
2152;Andrea;MacDonald;andrea.macdonald@gmail.com
2153;Diane;Berry;diane.berry@gmail.com
2154;Kimberly;Vance;kimberly.vance@gmail.com
2155;Molly;Avery;molly.avery@gmail.com
2156;Eric;Carr;eric.carr@gmail.com
2157;Connor;Sharp;connor.sharp@gmail.com
2158;Emma;Manning;emma.manning@gmail.com
2159;Michael;Smith;michael.smith@gmail.com
2160;Alexandra;Berry;alexandra.berry@gmail.com
2161;Molly;Smith;molly.smith@gmail.com
2162;Anna;Randall;anna.randall@gmail.com
2163;Joe;Lewis;joe.lewis@gmail.com
2164;Justin;Glover;justin.glover@gmail.com
2165;Warren;Kelly;warren.kelly@gmail.com
2166;Piers;Glover;piers.glover@gmail.com
2167;Joseph;Arnold;joseph.arnold@gmail.com
2168;Faith;Scott;faith.scott@gmail.com
2169;Vanessa;Anderson;vanessa.anderson@gmail.com
2170;David;Rutherford;david.rutherford@gmail.com
2171;Joshua;Butler;joshua.butler@gmail.com
2172;Jake;Rees;jake.rees@gmail.com
2173;Luke;Greene;luke.greene@gmail.com
2174;Blake;Rees;blake.rees@gmail.com
2175;Blake;Carr;blake.carr@gmail.com
2176;Leah;Piper;leah.piper@gmail.com
2177;Maria;MacLeod;maria.macleod@gmail.com
2178;Rachel;Harris;rachel.harris@gmail.com
2179;Ian;Morgan;ian.morgan@gmail.com
2180;Deirdre;Greene;deirdre.greene@gmail.com
2181;Diane;Walker;diane.walker@gmail.com
2182;Neil;Oliver;neil.oliver@gmail.com
2183;Andrew;Skinner;andrew.skinner@gmail.com
2184;Oliver;Wallace;oliver.wallace@gmail.com
2185;Gavin;Hudson;gavin.hudson@gmail.com
2186;Stewart;Sanderson;stewart.sanderson@gmail.com
2187;Samantha;Black;samantha.black@gmail.com
2188;Yvonne;Mackay;yvonne.mackay@gmail.com
2189;Christian;Wilkins;christian.wilkins@gmail.com
2190;Ryan;Wallace;ryan.wallace@gmail.com
2191;Grace;Vance;grace.vance@gmail.com
2192;Zoe;Clarkson;zoe.clarkson@gmail.com
2193;Bernadette;Mitchell;bernadette.mitchell@gmail.com
2194;Sue;Short;sue.short@gmail.com
2195;Robert;King;robert.king@gmail.com
2196;Ryan;McLean;ryan.mclean@gmail.com
2197;Leonard;Payne;leonard.payne@gmail.com
2198;Hannah;Coleman;hannah.coleman@gmail.com
2199;Amelia;Jackson;amelia.jackson@gmail.com
2200;Anna;Cameron;anna.cameron@gmail.com
2201;Phil;Pullman;phil.pullman@gmail.com
2202;Liam;Poole;liam.poole@gmail.com
2203;Trevor;Underwood;trevor.underwood@gmail.com
2204;Andrew;Bond;andrew.bond@gmail.com
2205;Lily;Ogden;lily.ogden@gmail.com
2206;Tracey;Scott;tracey.scott@gmail.com
2207;Oliver;Welch;oliver.welch@gmail.com
2208;Robert;Powell;robert.powell@gmail.com
2209;Justin;MacLeod;justin.macleod@gmail.com
2210;Blake;Hamilton;blake.hamilton@gmail.com
2211;Joshua;Duncan;joshua.duncan@gmail.com
2212;Virginia;Scott;virginia.scott@gmail.com
2213;Warren;Kerr;warren.kerr@gmail.com
2214;Emily;Payne;emily.payne@gmail.com
2215;Felicity;Brown;felicity.brown@gmail.com
2216;Emily;Ince;emily.ince@gmail.com
2217;Kylie;Rampling;kylie.rampling@gmail.com
2218;Max;Hodges;max.hodges@gmail.com
2219;Adrian;Bailey;adrian.bailey@gmail.com
2220;Alexandra;Quinn;alexandra.quinn@gmail.com
2221;Adam;King;adam.king@gmail.com
2222;Luke;Hamilton;luke.hamilton@gmail.com
2223;Nicholas;Ball;nicholas.ball@gmail.com
2224;Peter;Miller;peter.miller@gmail.com
2225;Ava;Scott;ava.scott@gmail.com
2226;Hannah;Wilkins;hannah.wilkins@gmail.com
2227;Jessica;Manning;jessica.manning@gmail.com
2228;Jacob;Newman;jacob.newman@gmail.com
2229;Yvonne;James;yvonne.james@gmail.com
2230;Joe;Greene;joe.greene@gmail.com
2231;Andrea;Fisher;andrea.fisher@gmail.com
2232;Rebecca;Fraser;rebecca.fraser@gmail.com
2233;Hannah;Cornish;hannah.cornish@gmail.com
2234;Rachel;Coleman;rachel.coleman@gmail.com
2235;Brandon;Randall;brandon.randall@gmail.com
2236;Lillian;Marshall;lillian.marshall@gmail.com

